Primer Name,Sequence,Pool,Length,Tm,GC%,Start,End,Concentration
POWV_1_LEFT,ACGTGAGTGTGTTGAGRAAAAGA,1,23,60.37,43.48,37,60,10 uM
POWV_1_RIGHT,AGCCATCAAAGCCATTACCAAGA,1,23,60.56,43.48,421,398,10 uM
POWV_2_LEFT,AGAGTCATTGGAAACTTGATGCAGA,2,25,60.75,40,322,347,10 uM
POWV_2_RIGHT,CACAGACCTTCTCCCCCTGAAT,2,22,61.43,54.55,706,684,10 uM
POWV_3_LEFT,TGTTGATGTGGATTGTTTTTGCCG,1,24,61.27,41.67,609,633,10 uM
POWV_3_RIGHT,CCAAGCTCCAGAACCAGGGATA,1,22,61.49,54.55,1008,986,10 uM
POWV_4_LEFT,CCTGTATACGCCACGAGATGCA,2,22,62.47,54.55,913,935,10 uM
POWV_4_RIGHT,CACAGGCCACTATGCTTCCTTT,2,22,60.88,50,1274,1252,10 uM
POWV_5_LEFT,YACGCTTCCAGAGGAACACCAG,1,22,61.98,54.55,1164,1186,10 uM
POWV_5_RIGHT,AGGTCTTCGAACCAGTCACGAT,1,22,61.4,50,1593,1571,10 uM
POWV_6_LEFT,CAAGTGGAATTGATGTCGCCCA,2,22,61.46,50,1490,1512,10 uM
POWV_6_RIGHT,ACTGTGTCATGACCACTGTCCA,2,22,61.55,50,1902,1880,10 uM
POWV_7_LEFT,ACCTGTGATGTGGGACTTGAAAA,1,23,60.37,43.48,1789,1812,10 uM
POWV_7_RIGHT,CCCACTGAACCAAAGTCCCATG,1,22,61.4,54.55,2208,2186,10 uM
POWV_8_LEFT,TGGTTCCAGAAAGGCAGTACCA,2,22,61.56,50,2101,2123,10 uM
POWV_8_RIGHT,TCCACACAACTAGGCCTTCTCC,2,22,61.68,54.55,2483,2461,10 uM
POWV_9_LEFT,ACCCTGATGATGACAATGGGAGT,1,23,61.41,47.83,2386,2409,10 uM
POWV_9_RIGHT,CTTGCCCCAACTCTTCCATGAC,1,22,61.46,54.55,2782,2760,10 uM
POWV_10_LEFT,TGGTAGACAAGACAGATCCAGCA,2,23,61.07,47.83,2681,2704,10 uM
POWV_10_RIGHT,GCTGGCCATGTACAGTTTCGAA,2,22,61.45,50,3102,3080,10 uM
POWV_11_LEFT,CATTCACACGGAYCAGAGCATG,1,22,61.82,54.55,2997,3019,10 uM
POWV_11_RIGHT,ATACCAACAATCTGTGCCGCTG,1,22,61.52,50,3415,3393,10 uM
POWV_12_LEFT,AGCCTCAGTTAGAAGCACCACA,2,22,61.61,50,3306,3328,10 uM
POWV_12_RIGHT,GCATGCTAAAAACTGCCTGCAG,2,22,61.24,50,3737,3715,10 uM
POWV_13_LEFT,TTAGAGTGGAGGAGATCGTGCG,1,22,61.58,54.55,3626,3648,10 uM
POWV_13_RIGHT,TCCATGGTGAACAGCAGTCAGA,1,22,61.61,50,3991,3969,10 uM
POWV_14_LEFT,GCCATGGGACTACTCATAATYAAGGC,2,26,61.52,46.15,3880,3906,10 uM
POWV_14_RIGHT,ATGAGAAAGGAACCAGCCGAGA,2,22,61.42,50,4278,4256,10 uM
POWV_15_LEFT,AACTGTGGTGGGGGTCATGTTA,1,22,61.57,50,4182,4204,10 uM
POWV_15_RIGHT,CTCCCCATGGTCAGACAATTGC,1,22,61.53,54.55,4600,4578,10 uM
POWV_16_LEFT,CTGGTGACAATGGGGGCATGGA,2,22,62.09,54.55,4504,4526,50 uM
POWV_16_RIGHT,TCAGTTTCCCTGGTTGGCATTG,2,22,61.34,50,4913,4891,50 uM
POWV_17_LEFT,GCTTGGAAGGAAAATGGGGAGG,1,22,61.48,54.55,4817,4839,50 uM
POWV_17_RIGHT,GCTCGGGAAGGACTCTATGTGT,1,22,61.53,54.55,5195,5173,50 uM
POWV_18_LEFT,CGTTGAGAAAAGCCGACCAGAA,2,22,61.38,50,5070,5092,50 uM
POWV_18_RIGHT,ACGCGCATCTGTTCTCTTTAGC,2,22,61.56,50,5510,5488,50 uM
POWV_19_LEFT,TTGGGAGGTGGCCATAATGGAT,1,22,61.52,50,5409,5431,10 uM
POWV_19_RIGHT,TCTGAGATGTCGGTCGTCACAA,1,22,61.39,50,5814,5792,10 uM
POWV_20_LEFT,TGAGGCAGAAAGGGAAAAGTGTG,2,23,61.25,47.83,5702,5725,10 uM
POWV_20_RIGHT,CATTTTCCCTTGTTCTGGCCCA,2,22,61.35,50,6115,6093,10 uM
POWV_21_LEFT,CTCTGGTGCAGTGGAAAGAAGC,1,22,61.7,54.55,6017,6039,10 uM
POWV_21_RIGHT,ATCCCTTCCTTCCCGGAACATT,1,22,61.44,50,6388,6366,10 uM
POWV_22_LEFT,ATGGTCCTGATGGTGAACTGGT,2,22,61.37,50,6284,6306,10 uM
POWV_22_RIGHT,CAGAACCATCCTGCTAACCGAC,2,22,61,54.55,6670,6648,10 uM
POWV_23_LEFT,CATGTTGACGCTTCTGGAGGTG,1,22,61.76,54.55,6573,6595,10 uM
POWV_23_RIGHT,GGCGGGCTGTATGTCAATGTTT,1,22,61.78,50,6985,6963,10 uM
POWV_24_LEFT,TTGGAGAGAACAAAAGCCGACA,2,22,60.42,45.45,6886,6908,10 uM
POWV_24_RIGHT,TCTAGCCCAGATGTGACCACAG,2,22,61.48,54.55,7257,7235,10 uM
POWV_25_LEFT,CATTTTTCGGTGTGGCTGGACAC,1,23,62.93,52.17,7127,7150,10 uM
POWV_25_RIGHT,CTTTCCTCCTCTGGCCTCAACA,1,22,61.95,54.55,7515,7493,10 uM
POWV_26_LEFT,GAAAGATGAGCYTGCTCCTTGC,2,22,61.83,54.55,7379,7401,10 uM
POWV_26_RIGHT,TCTCGGTTGGTCTCCATGACTC,2,22,61.47,54.55,7740,7718,10 uM
POWV_27_LEFT,TCAGAACTCAGGGGGCTAGAAG,1,22,60.89,54.55,7604,7626,10 uM
POWV_27_RIGHT,CATCCAAGGCTCGTCACCAATC,1,22,61.57,54.55,7989,7967,10 uM
POWV_28_LEFT,CACTCAAGGGAGAAGTCGTGGA,2,22,61.66,54.55,7841,7863,10 uM
POWV_28_RIGHT,TCCACCCCACTGTAGCTGAAAA,2,22,61.56,50,8242,8220,10 uM
POWV_29_LEFT,TGGAAAGCCAGGAATCCAGACG,1,22,62.58,54.55,8137,8159,10 uM
POWV_29_RIGHT,GGGTGTTCCTTGTCTTCATGCC,1,22,61.72,54.55,8526,8504,10 uM
POWV_30_LEFT,GACACTGGCAGAAGACAAGGTG,2,22,61.38,54.55,8424,8446,10 uM
POWV_30_RIGHT,GGCTGTGAAGGTGCTCAAGTAG,2,22,61.19,54.55,8792,8770,10 uM
POWV_31_LEFT,GCAACAGCGCGTTTTCAAAGAA,1,22,61.6,45.45,8679,8701,10 uM
POWV_31_RIGHT,TCAAACTCAAGGAAACGGCTCC,1,22,61.07,50,9090,9068,10 uM
POWV_32_LEFT,GGGAAAGAGAGAGAAGAAGCTGG,2,23,60.37,52.17,8994,9017,10 uM
POWV_32_RIGHT,GCCTGGCAACCTTAACCACTTT,2,22,61.6,50,9377,9355,10 uM
POWV_33_LEFT,AGCAGATCCTTCGGTACATGGA,1,22,60.96,50,9281,9303,10 uM
POWV_33_RIGHT,AGTACAGGGCCTTTCCAAACCT,1,22,61.57,50,9668,9646,10 uM
POWV_34_LEFT,AGGATCCCCGTCTGAAAAGGGT,2,22,60.83,50,9536,9558,10 uM
POWV_34_RIGHT,CATCTGCCCATACGCTTTGGAC,2,22,61.89,54.55,9913,9891,10 uM
POWV_35_LEFT,CTGCAGAGATCAAGACGAGCTG,1,22,61.05,54.55,9810,9832,10 uM
POWV_35_RIGHT,CCCAGATGTTCTTGGCCCATTC,1,22,61.53,54.55,10223,10201,10 uM
POWV_36_LEFT,ACAAATGGTGGATGAATGGAGAGAT,2,25,60.34,40,10110,10135,10 uM
POWV_36_RIGHT,TTTAGCAGCCATGAGGGTCTCA,2,22,61.42,50,10478,10456,10 uM
POWV_37_LEFT,GAGACTATTTGGCAAACATGGACAGA,1,26,61.52,42.31,10268,10294,10 uM
POWV_37_RIGHT,GGGGCTCTAGAATGGCCTAACT,1,22,61.29,54.55,10638,10616,10 uM
